"live find",steamfitter,dance
tracker,immunologist,cycling
stm,pollster,embroidery
hrd,geomorphologist,hiking
mtm,topographer,birdwatching
hrd,crystallographer,calligraphy
"live find",baritone,"fashion design"
mtm,hydrogeologist,gardening
equine,geomorphologist,kayaking
"live find",bassoonist,podcasting
equine,bassoonist,fishing
equine,mineralogist,pool
equine,lobbyist,"video games"
stl,geoscientists,"word games"
mtm,butchers,snowshoeing
stl,actress,"vegetable gardening"
"live find",goldsmith,"roller skating"
equine,chiropodist,puzzles
hrd,bookie,sports
k9,mayor,"fashion design"
mtm,policewoman,travel
"live find",jewelsmith,running
tracker,saucier,painting
mtm,histotechnologist,"model building"
stm,bookie,puzzles
mtm,protohistorian,"motor sports"
k9,organist,"home improvement"
"live find",author,botany
equine,cop,"model building"
stl,viticulturist,cosplay
tracker,immunochemist,festivals
stm,offbearer,"motor sports"
equine,climatologist,confectionery
stl,kinesiotherapist,running
tracker,barback,darts
tracker,actuaries,quilting
stl,geomagnetist,magic
stl,immunohematologist,"video games"
k9,shill,music
k9,barista,improv
stm,bricklayer,"stamp collecting"
stl,cytologist,"knowledge games"
equine,bodyguard,darts
stm,trombonist,acting
k9,ornithologist,cooking
equine,geographers,"coin collecting"
mtm,journalist,tennis
stm,oboist,"nail art"
hrd,novelist,podcasting
equine,zookeeper,darts
hrd,blockmason,"vegetable gardening"
k9,anaesthesiologist,botany
mtm,glaziers,beekeeping
tracker,tenor,cycling
tracker,audiologists,"vegetable gardening"
hrd,lyricist,"chalk art"
k9,harvester,calligraphy
equine,oboist,"roller skating"
k9,rheologist,"kite flying"
tracker,psychologists,archery
stl,custodian,"diy cosmetics"
stl,tellers,"game mods"
"live find",anaesthesiologist,scrapbooking
k9,ichthyologist,"citizen science"
k9,electroplater,swimming
mtm,sonographer,"video production"
"live find",geomagnetist,"remote control vehicles"
stl,logisticians,woodworking
k9,oceanographer,travel
"live find",ultrasonographer,kayaking
hrd,sedimentationist,skating
"live find",exterminator,"video games"
stl,tenor,"word games"
"live find",oboist,swimming
hrd,hydrogeologist,beekeeping
stl,anodizer,photography
"live find",author,cosplay
stm,baritone,"game mods"
k9,sedimentationist,acrobatics
equine,dermatopathologist,pottery
hrd,firefighters,"martial arts"
"live find",pharmacoepidemiologist,archery
stl,pianist,"scuba diving"
k9,masseur,"diy cosmetics"
"live find",glaciologist,acting
mtm,biophysicist,podcasting
mtm,physiotherapist,scouting
stl,bookkeeper,flying
stl,petrologist,robotics
k9,bricklayer,travel
mtm,barista,gardening
mtm,optometrists,weightlifting
hrd,receptionists,fitness
stl,floriculturist,"rock climbing"
stm,criminologist,pottery
k9,archaeologist,singing
stl,skiagrapher,flying
"live find",ethnoarchaeologist,reading
hrd,pruner,"diy fashion"
"live find",herpetologist,makeup
hrd,draughtsman,scouting
equine,immunochemist,dance
"live find",elocutionist,"rock climbing"
stl,models,"mountain biking"
"live find",novelist,baking
k9,coach,"scuba diving"
mtm,oboist,"video games"
k9,actors,paintball
equine,econometrician,weightlifting
tracker,herpetologist,boxing
tracker,agriculturist,improv
mtm,carpenters,acrobatics
hrd,rapper,"media production"
k9,geodesist,origami
stl,tellers,"rock climbing"
"live find",algebraist,"game mods"
k9,bakers,acrobatics
mtm,urologist,"cultural activities"
"live find",geochemist,bowling
hrd,blockmason,weightlifting
tracker,coach,"word games"
mtm,actress,kayaking
k9,doffer,"motor sports"
"live find",sonographer,animation
equine,monologist,crafts
mtm,photographers,"fashion design"
hrd,paralegal,"mountain biking"
stl,glaziers,drawing
stm,neonatologist,bowling
hrd,editors,weightlifting
hrd,immunohematologist,"tactical urbanism"
"live find",tutors,karaoke
stm,mineralogist,quilting
k9,masseur,"stamp collecting"
hrd,lobbyist,"kite flying"
stl,masseur,"model building"
"live find",dentists,canoeing
k9,podiatrists,pottery
k9,nanny,bowling
stm,orchestrator,subculture
hrd,psychotherapist,flying
k9,violist,snowshoeing
equine,expeditor,swimming
tracker,actuaries,sewing
stl,physiotherapist,camping
tracker,dredger,"diy cosmetics"
hrd,virologist,subculture
k9,venipuncturist,languages
tracker,prosthetist,fitness
tracker,skiagrapher,"mountain biking"
tracker,cabinetmaker,cheesemaking
stl,coach,"maker culture"
stl,endodontist,scrapbooking
mtm,echocardiographer,confectionery
"live find",crabber,canoeing
equine,pollster,knitting
k9,psychotherapist,magic
k9,obstetrician,cycling
stl,gemologist,cooking
k9,venipuncturist,canoeing
tracker,fundraisers,bonsai
equine,drafters,magic
stl,harvester,"horseback riding"
equine,pollster,"chalk art"
equine,economists,fandom
tracker,weatherman,"metal detecting"
mtm,masseuse,languages
k9,actors,podcasting
stm,architects,knitting
stm,coach,metalworking
k9,bookkeeper,astronomy
stl,plumber,"stamp collecting"
mtm,trombonist,"word games"
mtm,druggist,filmmaking
hrd,accompanist,canoeing
tracker,goldsmith,darts
stl,tenor,metalworking
mtm,enologist,"game mods"
"live find",psychologists,woodworking
stl,actors,trainspotting
equine,bagger,sewing
hrd,serologist,robotics
tracker,ballistician,cycling
"live find",geropsychologists,learning
stl,photojournalist,trainspotting
"live find",logisticians,kayaking
hrd,horticulturist,go
stm,greenskeeper,"maker culture"
equine,dredger,"mountain biking"
"live find",lepidopterist,scrapbooking
k9,geometrician,camping
equine,tinsmith,electronics
equine,actress,juggling
stl,lacquerer,bonsai
k9,endodontist,"coin collecting"
tracker,editors,chess
"live find",ethnoarchaeologist,boxing
hrd,archaeologist,scouting
hrd,instrumentalist,woodworking
"live find",calligrapher,skating
hrd,composer,hiking
equine,ballistician,"inline skating"
stl,floriculturist,podcasting
stl,hydrogeologist,crafts
stm,veterinarians,"media production"
stm,barista,travel
k9,cytotechnologist,embroidery
mtm,cytotechnologist,"roller skating"
stm,newscaster,"street art"
mtm,internist,archery
hrd,entomologist,sewing
mtm,choirmaster,travel
equine,cashiers,"rock climbing"
mtm,nephrologist,"kite flying"
mtm,admiral,running
tracker,translator,"home improvement"
hrd,oncologist,improv
"live find",gerontologist,electronics
k9,mineralogist,darts
k9,gemologist,electronics
tracker,glaziers,archery
hrd,ornithologist,subculture
stm,pulmonologist,painting
hrd,dietitian,acrobatics
hrd,elocutionist,comedy
tracker,cooks,cosplay
stl,otolaryngologist,yoga
tracker,lumberjack,languages
hrd,playwright,acting
k9,offbearer,fitness
mtm,horticulturist,puzzles
tracker,ballistician,"cultural activities"
stl,serologist,cosplay
tracker,justice,running
k9,geoscientist,"martial arts"
stm,bobtailer,"maker culture"
mtm,epileptologist,"fashion design"
"live find",ballistician,go
hrd,esthetician,cycling
stm,ultrasonographer,travel
stl,esthetician,"word games"
equine,economists,knitting
equine,pedicurist,"motor sports"
"live find",lobbyist,aquariums
stl,glaciologist,comedy
k9,tutors,birdwatching
k9,author,trainspotting
"live find",bobtailer,filmmaking
stm,venipuncturist,architecture
"live find",accountant,photography
stm,accompanist,quilting
"live find",surveyors,magic
k9,timekeeper,"street fashion"
stl,boilermakers,tennis
"live find",policewoman,"remote control vehicles"
hrd,attorney,flying
mtm,pediatrist,"word games"
hrd,ironworkers,design
hrd,vocalist,sewing
mtm,pianist,snowshoeing
"live find",facetor,puzzles
k9,musician,metalworking
mtm,gaffer,go
tracker,obstetrician,tennis
hrd,fundraisers,fitness
hrd,repossessor,"street fashion"
mtm,attorney,"metal detecting"
k9,galvanizer,camping
k9,tellers,swimming
stm,apothecary,"citizen science"
mtm,monologist,"video production"
tracker,gastroenterologist,"street fashion"
stm,trombonist,paintball
hrd,optician,pool
stm,comptroller,"street art"
stm,neuropathologist,"floral design"
k9,blockmason,boxing
equine,sedimentationist,"diy cosmetics"
equine,prosthetist,aquariums
stm,paleontologist,"stamp collecting"
k9,toolmaker,acting
tracker,photogrammetrist,"vegetable gardening"
mtm,dietitian,architecture
hrd,tenor,cheesemaking
hrd,optometrists,sports
equine,tenor,languages
k9,florist,"horseback riding"
tracker,ballerina,juggling
equine,timekeeper,embroidery
hrd,firefighters,"street art"
"live find",geochemist,hiking
stm,geropsychologists,hiking
stm,pollster,confectionery
mtm,bouncer,beekeeping
"live find",geomagnetist,"scuba diving"
hrd,herpetologist,"scuba diving"
mtm,nephrologist,animation
stl,geoscientist,woodworking
hrd,toolmaker,knitting
tracker,gaffer,paintball
equine,receptionists,"word games"
hrd,tinsmith,"word games"
"live find",neuropathologist,music
k9,serologist,"maker culture"
stl,volcanologist,electronics
mtm,expeditor,skating
mtm,lapidarist,"vegetable gardening"
equine,metallurgist,scrapbooking
hrd,biometrician,baking
k9,immunologist,go
k9,biostatistician,collecting
mtm,actors,canoeing
k9,genealogist,"citizen science"
tracker,exterminator,boxing
stm,cashiers,"kite flying"
tracker,microbiologists,skydiving
hrd,physiotherapist,"tactical urbanism"
mtm,busser,"remote control vehicles"
stm,cellist,languages
k9,jurist,"diy cosmetics"
"live find",biogeographer,"diy cosmetics"
mtm,logisticians,snowshoeing
equine,repairmen,"home improvement"
"live find",internist,"creative writing"
"live find",biometrician,"scuba diving"
k9,violist,quilting
hrd,oceanographer,"street art"
"live find",comptroller,languages
hrd,cosmologist,"slow culture"
stl,pollster,acting
stl,justice,"diy cosmetics"
stl,busser,subculture
tracker,correspondent,archery
mtm,virologist,collecting
mtm,deejay,embroidery
k9,petrologist,swimming
tracker,brickmason,learning
k9,cryptographer,"martial arts"
mtm,comptroller,"rock climbing"
stl,massotherapist,weightlifting
stm,bricklayer,"rock climbing"
tracker,comptroller,confectionery
k9,draughtsman,birdwatching
hrd,anesthetist,learning
tracker,viticulturist,embroidery
mtm,phlebotomists,cosplay
equine,climatologist,chess
hrd,pewterer,singing
equine,climatologist,"street art"
equine,chiropodist,comedy
stl,trumpeter,festivals
equine,photogrammetrist,"kite flying"
mtm,beautician,bowling
"live find",herpetologist,journaling
stm,provost,fitness
k9,venipuncturist,cheesemaking
"live find",seismologist,"model building"
stm,orchestrator,confectionery
"live find",ichthyologist,crafts
"live find",venipuncturist,bowling
"live find",rolfer,"chalk art"
tracker,biochemist,improv
stl,phlebotomists,yoga
mtm,biometrician,"motor sports"
equine,agriculturist,subculture
tracker,fiberglasser,botany
tracker,periodontist,quilting
stm,geropsychologists,bonsai
equine,volcanologist,running
stl,justice,travel
equine,baritone,calligraphy
tracker,apothecary,knitting
stl,bobtailer,gardening
equine,kinesiotherapist,snowshoeing
tracker,electroplater,"video production"
hrd,pediatrist,acting
"live find",volcanologist,acting
tracker,bricklayer,photography
mtm,geometrician,paintball
stm,bartenders,"citizen science"
k9,physiatrist,chess
equine,pharmacists,sports
stm,skiagrapher,pottery
mtm,immunopathologist,metalworking
stl,paleontologist,"creative writing"
tracker,shill,aquariums
stl,drafters,aquariums
tracker,vocalist,sports
equine,biophysicist,"chalk art"
"live find",handicapper,birdwatching
mtm,optometrists,"comic books"
tracker,draughtsman,"diy fashion"
hrd,goldsmith,"comic books"
k9,chiropodist,"comic books"
stm,psychotherapist,"comic books"
stm,seismologist,makeup
"live find",dentists,subculture
hrd,historiographer,electronics
equine,brickmason,architecture
stm,ethnoarchaeologist,learning
"live find",glaciologist,"chalk art"
tracker,mapper,"fashion design"
hrd,prosecutor,improv
hrd,internist,makeup
equine,trumpeter,"chalk art"
hrd,elocutionist,"media production"
tracker,fumigator,"board games"
mtm,clarinetist,"digital art"
stl,deckhand,woodworking
stm,choirmaster,canoeing
"live find",rolfer,"nail art"
equine,psychologists,languages
tracker,lapidarist,"remote control vehicles"
mtm,paediatrician,crafts
"live find",handicapper,"slow culture"
stm,actress,weightlifting
stm,masseuse,makeup
k9,plumber,trainspotting
equine,sonographer,"motor sports"
mtm,crabber,beekeeping
stl,neonatologist,design
k9,histotechnician,"diy cosmetics"
stm,geodesist,cosplay
tracker,photographers,improv
mtm,sonographer,drawing
stl,serologist,drawing
k9,geoscientist,tennis
mtm,lapidarist,"remote control vehicles"
tracker,massotherapist,hiking
stl,geochemist,"diy cosmetics"
mtm,malariologist,cosplay
equine,biogeographer,darts
k9,pollster,baking
hrd,biochemist,"kite flying"
k9,pulmonologist,"diy fashion"
"live find",internist,weightlifting
mtm,microbiologists,"media production"
stm,penologist,"kite flying"
"live find",sonographer,confectionery
"live find",astrophysicist,"creative writing"
hrd,neuroscientist,"street fashion"
"live find",ironworkers,running
tracker,playwright,yoga
tracker,lumberjack,"inline skating"
k9,epileptologist,skating
k9,poet,electronics
hrd,timekeeper,quilting
hrd,otolaryngologist,"word games"
"live find",biometrician,dance
equine,rheologist,learning
"live find",microbiologists,"scuba diving"
tracker,accountant,tennis
mtm,biometrician,"game mods"
tracker,ethnoarchaeologist,birdwatching
"live find",sonographer,scrapbooking
k9,lawyers,"roller skating"
tracker,photographers,"fashion design"
stl,neonatologist,"slow culture"
hrd,pollster,"rock climbing"
stl,composer,improv
mtm,protohistorian,"vegetable gardening"
mtm,horticulturist,sculpting
hrd,malariologist,acting
k9,oncologist,fandom
k9,metallurgist,"game mods"
stm,tellers,"remote control vehicles"
tracker,toxicologist,calligraphy
stm,histotechnologist,snowshoeing
tracker,models,travel
tracker,gynecologist,darts
stm,geropsychologists,cycling
hrd,cytologist,fitness
stm,kinesiotherapist,subculture
mtm,accompanist,"digital art"
stm,agronomist,photography
"live find",gastroenterologist,"mountain biking"
stm,bartenders,podcasting
tracker,audiologists,cooking
equine,bartenders,beekeeping
tracker,vocalist,karaoke
stm,bakers,improv
"live find",muralist,"media production"
stm,charge,botany
stm,paediatrician,improv
hrd,architects,"fashion design"
equine,virologist,bonsai
stm,janitor,"slow culture"
mtm,publicist,acrobatics
tracker,bobtailer,embroidery
hrd,histotechnologist,darts
tracker,electroplater,"tactical urbanism"
mtm,malariologist,dance
stl,podiatrists,acting
stm,geometrician,comedy
k9,chiropractors,"home improvement"
stl,anesthetist,metalworking
tracker,cytotechnologist,reading
equine,innkeeper,painting
stl,massotherapist,"citizen science"
k9,accompanist,electronics
k9,neuropsychologist,astronomy
hrd,genealogist,photography
"live find",zookeeper,acting
mtm,bookkeeper,sports
hrd,constable,"vegetable gardening"
hrd,geropsychologists,archery
hrd,silversmith,"coin collecting"
"live find",paralegal,"remote control vehicles"
mtm,bookkeeper,scouting
stm,violinist,"floral design"
equine,facetor,beekeeping
"live find",saucier,"game mods"
k9,metallurgist,skating
stl,sedimentationist,"model building"
tracker,massotherapist,architecture
hrd,ultrasonographer,podcasting
k9,publicist,collecting
tracker,animator,electronics
k9,herpetologist,"vegetable gardening"
mtm,ballerina,"chalk art"
equine,logistician,architecture
k9,fiberglasser,reading
mtm,entomologist,sports
stm,geoscientists,go
equine,rheumatologist,pottery
"live find",drafters,swimming
tracker,newscaster,juggling
k9,actress,pottery
equine,innkeeper,"rock climbing"
equine,gerontologist,fandom
stm,drafters,"mountain biking"
tracker,sedimentationist,"mountain biking"
hrd,rolfer,subculture
stm,ultrasonographer,"scuba diving"
tracker,timpanist,metalworking
tracker,animator,"nail art"
stl,hydrologists,"street fashion"
mtm,lumberjack,"knowledge games"
equine,geomagnetist,archery
hrd,gynecologist,"inline skating"
hrd,toolmaker,kayaking
k9,journalist,"fashion design"
stl,poet,"home improvement"
mtm,drafters,knitting
"live find",topographer,go
stm,musician,"board games"
tracker,choirmaster,acting
stm,barista,weightlifting
equine,microbiologists,fishing
stl,climatologist,"slow culture"
mtm,woodworkers,design
stm,geoscientist,"model building"
equine,historians,"mountain biking"
stl,brazer,"motor sports"
equine,skiagrapher,sculpting
mtm,nephrologist,"kite flying"
stm,immunohematologist,acrobatics
tracker,blockmason,music
k9,psychologists,"home improvement"
tracker,composer,"cultural activities"
hrd,physiotherapist,beekeeping
hrd,optician,beekeeping
k9,penologist,travel
stl,goldsmith,bowling
k9,tinsmith,yoga
k9,zookeeper,"tactical urbanism"
tracker,ironworkers,"nail art"
stm,weatherman,karaoke
stm,deckhand,"game mods"
mtm,galvanizer,drawing
hrd,publicist,comedy
stl,podiatrists,learning
tracker,crabber,"slow culture"
stm,pedicurist,hiking
equine,lapidarist,embroidery
equine,steamfitter,fitness
equine,petrologist,"maker culture"
equine,governor,architecture
stl,lawyers,reading
mtm,neonatologist,"knowledge games"
k9,topographer,"street fashion"
mtm,sonographer,cycling
stl,pediatrist,"kite flying"
mtm,tellers,aquariums
equine,novelist,"motor sports"
equine,pedicurist,sculpting
hrd,geoscientists,hiking
tracker,bricklayer,"slow culture"
stm,geomorphologist,"chalk art"
equine,bartenders,"inline skating"
stl,bakers,festivals
equine,deckhand,dance
mtm,harvester,fishing
hrd,geomorphologist,"kite flying"
tracker,galvanizer,design
"live find",assayer,animation
mtm,offbearer,sculpting
k9,skiagrapher,bonsai
tracker,florist,weightlifting
stm,handicapper,"game mods"
equine,ballistician,hiking
"live find",crabber,dance
tracker,epidemiologists,pottery
mtm,guitarist,canoeing
mtm,oceanographer,"slow culture"
mtm,columnist,learning
hrd,sedimentationist,"creative writing"
k9,toolmaker,"floral design"
stm,monologist,"digital art"
k9,journalist,skydiving
mtm,accountant,karaoke
hrd,gerontologist,reading
tracker,anesthetist,"coin collecting"
equine,physiotherapist,running
stm,mayor,astronomy
k9,psychotherapist,"motor sports"
stl,geomorphologist,paintball
equine,draughtsman,reading
mtm,receptionists,comedy
hrd,phlebotomists,fandom
k9,butcher,flying
k9,actuaries,cheesemaking
stl,hydrologists,pottery
stl,neuropsychiatrist,music
"live find",actress,collecting
hrd,bookie,"diy cosmetics"
stm,neurosurgeon,crafts
stm,bakers,"horseback riding"
"live find",boilermakers,"home improvement"
"live find",biometrician,"coin collecting"
mtm,microbiologists,aquariums
equine,hairdresser,dance
equine,lobbyist,sewing
tracker,skiagrapher,"knowledge games"
equine,oceanographer,"stamp collecting"
k9,timekeeper,"rock climbing"
stl,psychologists,"nail art"
hrd,correspondent,cycling
k9,enologist,kayaking
mtm,biometrician,journaling
"live find",dentists,music
k9,ombudsman,"game mods"
stl,composer,aquariums
stl,woodworkers,boxing
equine,rapper,"diy fashion"
mtm,flutist,acting
k9,thermodynamicist,"board games"
stl,pulmonologist,tennis
tracker,trombonist,canoeing
hrd,orthotist,subculture
stm,musician,"video production"
equine,harvester,karaoke
stl,nanny,"media production"
mtm,pomologist,magic
stl,woodworkers,crafts
mtm,ironworkers,"slow culture"
stm,genealogist,drawing
hrd,biometrician,snowshoeing
mtm,pharmacoepidemiologist,confectionery
tracker,bakers,"floral design"
mtm,journalist,"mountain biking"
mtm,nanny,hiking
equine,dredger,"video production"
hrd,ultrasonographer,"coin collecting"
stm,crystallographer,skating
k9,butcher,animation
stl,ironworkers,bowling
stl,ballistician,improv
stm,gerontologist,acting
equine,immunohematologist,snowshoeing
tracker,dermatopathologist,scouting
tracker,entomologist,baking
stl,governor,electronics
stm,optometrists,beekeeping
equine,archaeologist,yoga
hrd,governess,snowshoeing
mtm,hydrologists,quilting
stm,composer,comedy
hrd,anaesthesiologist,"digital art"
stm,flutist,"diy cosmetics"
stm,crabber,animation
tracker,otolaryngologist,reading
stm,constable,"chalk art"
stm,photojournalist,gardening
tracker,boilermakers,journaling
stl,electroplater,tennis
tracker,facetor,"scuba diving"
hrd,horticulturist,flying
mtm,attorney,fishing
mtm,brazer,running
stl,biographer,embroidery
equine,lepidopterist,architecture
"live find",neuropsychologist,"street art"
k9,physiatrist,skydiving
k9,optometrists,subculture
tracker,lacquerer,"diy cosmetics"
"live find",anthropologist,yoga
stm,geomorphologist,snowshoeing
stl,jurist,fandom
mtm,trumpeter,"citizen science"
tracker,novelist,"model building"
hrd,histotechnologist,beekeeping
hrd,electroplater,"nail art"
k9,handicapper,"scuba diving"
hrd,barback,"video games"
stm,repossessor,knitting
"live find",busser,scouting
k9,novelist,beekeeping
"live find",guitarist,"street fashion"
"live find",crabber,calligraphy
stm,meteorologist,"model building"
equine,phlebotomists,"martial arts"
equine,economists,kayaking
equine,otolaryngologist,acrobatics
stl,topographer,magic
tracker,author,cycling
tracker,newscaster,"remote control vehicles"
tracker,attorney,skydiving
equine,cryptographer,festivals
stm,mayor,botany
stl,nanny,kayaking
stl,orchestrator,acting
stl,soloist,boxing
"live find",roofers,origami
equine,ethnoarchaeologist,woodworking
"live find",immunochemist,flying
hrd,flutist,architecture
stm,cop,"rock climbing"
stm,shill,"word games"
tracker,enologist,pottery
mtm,nanny,"street art"
hrd,paleontologist,"board games"
k9,boilermakers,festivals
equine,composer,"rock climbing"
"live find",urologist,journaling
"live find",assayer,"motor sports"
"live find",surveyors,beekeeping
k9,deejay,pottery
stl,pharmacologist,"creative writing"
hrd,florist,animation
"live find",neuropsychiatrist,paintball
equine,geoscientists,cosplay
hrd,accountant,karaoke
equine,constable,botany
tracker,dredger,magic
"live find",immunopathologist,drawing
stm,oncologist,embroidery
k9,weatherman,"mountain biking"
mtm,butcher,skydiving
stm,echocardiographer,canoeing
tracker,bartenders,aquariums
k9,echocardiographer,"horseback riding"
hrd,geologist,"coin collecting"
equine,animator,"mountain biking"
equine,governor,crafts
hrd,gaffer,"remote control vehicles"
equine,clarinetist,comedy
stm,firefighters,subculture
k9,exterminator,"roller skating"
"live find",orthotist,photography
"live find",bodyguard,"scuba diving"
mtm,economists,"vegetable gardening"
k9,anodizer,"roller skating"
mtm,blockmason,archery
stm,toolmaker,weightlifting
"live find",repossessor,snowshoeing
k9,floriculturist,"slow culture"
mtm,climatologist,"remote control vehicles"
hrd,nutritionist,fishing
hrd,entomologist,juggling
"live find",internist,chess
hrd,harvester,woodworking
stm,pomologist,fandom
stl,criminologist,"chalk art"
stl,anesthetist,"slow culture"
"live find",seismologist,animation
hrd,neonatologist,chess
equine,pianist,architecture
hrd,sedimentationist,cycling
hrd,thermodynamicist,magic
"live find",cooks,subculture
stm,opticians,origami
mtm,deckhand,"cultural activities"
mtm,paralegal,"motor sports"
k9,periodontist,birdwatching
"live find",neurosurgeon,scrapbooking
mtm,photogrammetrist,embroidery
equine,muralist,bonsai
hrd,otolaryngologist,pool
hrd,baritone,kayaking
"live find",astrophysicist,"comic books"
k9,brazer,"tactical urbanism"
tracker,protohistorian,embroidery
hrd,agronomist,"knowledge games"
stl,histopathologist,canoeing
k9,protohistorian,running
equine,logistician,knitting
tracker,psychologists,beekeeping
mtm,photojournalist,woodworking
hrd,dermatopathologist,karaoke
"live find",seismologist,design
mtm,paediatrician,"coin collecting"
stm,agronomist,makeup
tracker,seismologist,metalworking
k9,psychologists,fitness
"live find",geomorphologist,kayaking
stm,sonographer,animation
k9,butcher,embroidery
stm,chiropractors,"comic books"
stm,stenocaptioner,flying
tracker,timekeeper,scouting
stm,pianist,fandom
"live find",bassoonist,crafts
equine,biostatistician,dance
hrd,microbiologists,cosplay
tracker,geropsychologists,"creative writing"
stl,ombudsman,fandom
mtm,neuroscientist,reading
hrd,chiropractors,subculture
stm,innkeeper,"martial arts"
equine,pediatrist,fishing
"live find",historiographer,"chalk art"
k9,butchers,confectionery
k9,dermatopathologist,quilting
stm,accompanist,sports
stl,nephrologist,"video production"
k9,attorney,"home improvement"
stm,harpist,travel
stl,urologist,quilting
tracker,prosthetist,origami
stl,criminologist,"video games"
hrd,weatherman,comedy
equine,hairdresser,puzzles
k9,lumberjack,"street fashion"
tracker,tellers,quilting
"live find",dermatopathologist,"vegetable gardening"
hrd,coach,"slow culture"
tracker,rheumatologist,kayaking
"live find",silversmith,"inline skating"
stm,druggist,"vegetable gardening"
tracker,endodontist,weightlifting
tracker,ballistician,electronics
k9,geoscientists,beekeeping
stl,lyricist,canoeing
equine,entomologist,origami
stm,goldsmith,sports
"live find",beautician,canoeing
stl,exterminator,magic
mtm,physiatrist,pool
mtm,enologist,journaling
k9,neurosurgeon,trainspotting
equine,geometrician,"metal detecting"
tracker,neuropathologist,"word games"
stm,audiologists,architecture
tracker,firefighters,gardening
"live find",metallographer,robotics
k9,pianist,"slow culture"
"live find",tutors,cycling
"live find",prosthetist,"comic books"
equine,playwright,gardening
mtm,pomologist,trainspotting
hrd,lumberjack,"media production"
k9,chiropodist,fishing
stl,geomorphologist,travel
hrd,neuroscientist,podcasting
tracker,bookie,music
k9,harvester,journaling
hrd,lepidopterist,baking
equine,paleontologist,"remote control vehicles"
tracker,geophysicist,boxing
stl,astrophysicist,singing
mtm,plumber,beekeeping
tracker,bugler,"diy fashion"
stl,histotechnician,"street art"
stm,deckhand,"cultural activities"
stm,pedorthist,architecture
mtm,organist,"slow culture"
tracker,policewoman,magic
"live find",cashiers,camping
stl,silversmith,weightlifting
equine,electroplater,pottery
hrd,rheumatologist,"knowledge games"
mtm,harpist,bonsai
k9,neurosurgeon,crafts
"live find",seismologist,robotics
stl,viticulturist,cycling
stm,hydrogeologist,fitness
k9,dnap,"roller skating"
mtm,lepidopterist,woodworking
mtm,neuroscientist,"slow culture"
k9,tenor,fishing
hrd,venipuncturist,crafts
equine,nephrologist,filmmaking
"live find",agronomist,chess
equine,electroplater,journaling
k9,author,"stamp collecting"
hrd,cellist,"metal detecting"
"live find",otolaryngologist,"diy fashion"
stl,endodontist,tennis
hrd,mixologist,"coin collecting"
stm,dredger,"maker culture"
k9,custodian,pool
k9,policeman,"video production"
stl,protozoologist,scrapbooking
stm,oceanographer,chess
"live find",carpenters,animation
equine,expeditor,embroidery
k9,cryptographer,boxing
k9,neuroscientist,"media production"
stl,electroplater,juggling
hrd,harvester,"roller skating"
tracker,publicist,"video production"
"live find",brickmason,"stamp collecting"
equine,ichthyologist,skating
stl,immunologist,architecture
hrd,bacteriologist,animation
stl,pharmacologist,fitness
hrd,protohistorian,"remote control vehicles"
mtm,instrumentalist,"rock climbing"
mtm,enologist,photography
stl,journalist,"cultural activities"
hrd,organist,scouting
mtm,neuropsychiatrist,"tactical urbanism"
equine,cytotechnologist,learning
tracker,neuropathologist,puzzles
hrd,pedorthist,"martial arts"
equine,gynecologist,"creative writing"
stl,entomologist,bonsai
mtm,deckhand,camping
equine,dermatopathologist,design
equine,cosmologist,"slow culture"
"live find",bookkeeper,fishing
stm,pediatrist,"citizen science"
k9,saucier,improv
k9,rapper,woodworking
hrd,microbiologists,camping
equine,prosthetist,chess
stl,glaziers,"citizen science"
"live find",epileptologist,"nail art"
"live find",deckhand,sports
stm,psychotherapist,"scuba diving"
stl,malariologist,"stamp collecting"
k9,prosecutor,acrobatics
stl,lawyers,metalworking
"live find",topographer,festivals
tracker,periodontist,design
tracker,metallurgist,photography
tracker,skiagrapher,"comic books"
stm,optician,drawing
mtm,calligrapher,fitness
equine,timekeeper,astronomy
equine,neuroscientist,"word games"
equine,bagger,magic
"live find",crabber,woodworking
stm,biophysicist,photography
k9,photojournalist,painting
stl,kinesiotherapist,camping
k9,kinesiotherapist,"stamp collecting"
stm,hydrologists,learning
tracker,neuropsychiatrist,collecting
"live find",composer,"rock climbing"
tracker,geodesist,"digital art"
k9,ultrasonographer,trainspotting
k9,governor,confectionery
equine,volcanologist,"motor sports"
hrd,druggist,"street fashion"
stm,policewoman,archery
equine,electricians,languages
hrd,attorney,astronomy
k9,ethnoarchaeologist,"martial arts"
k9,skiagrapher,tennis
"live find",neuropathologist,"slow culture"
mtm,hydrologists,"stamp collecting"
mtm,choirmaster,dance
mtm,anaesthesiologist,festivals
hrd,bacteriologist,drawing
k9,mixologist,camping
hrd,paralegal,"cultural activities"
k9,pharmacists,boxing
tracker,justice,"model building"
stm,chiropodist,"word games"
tracker,handicapper,"video games"
k9,policewoman,skydiving
stl,offbearer,birdwatching
hrd,electricians,pottery
k9,geropsychologists,"street fashion"
equine,roofers,"diy cosmetics"
hrd,bookkeeper,botany
k9,toolmaker,yoga
mtm,phlebotomists,crafts
equine,microbiologists,"metal detecting"
hrd,goldsmith,"game mods"
tracker,bartenders,hiking
hrd,newscaster,makeup
k9,galvanizer,"stamp collecting"
equine,hydrologists,"coin collecting"
equine,organist,darts
"live find",econometrician,botany
stl,immunopathologist,acrobatics
tracker,electricians,karaoke
